Name	City	Country	Location	Link	International Payments	Food
Mumbais Fight Against COVID 19	Mumbai	India	Mumbai, India	https://fundraisers.giveindia.org/campaigns/mumbais-fight-against-covid19	Yes	Yes
Support COVID Hit Families	Delhi	India	Delhi, India	https://fundraisers.giveindia.org/campaigns/donate-so-daily-wage-earners-can-feed-their-families-mission-support-covid-hit-families?utm_source=Instagram&utm_campaign=dailywager-sm&utm_medium=Insta-profile-link&utm_term=dailywager-sm&utm_content=missionsupportcovid19hitfamilies	Yes	Yes
FeedIndia	Delhi	India	Delhi, India	https://www.feedingindia.org/donate	No	Yes
Foodbank NYC	New York City	United States of America	New York City, USA	https://www.foodbanknyc.org/covid-19/	Yes	Yes
TrusselTrust	London	United Kingdom	London, United Kingdom	https://www.trusselltrust.org/make-a-donation/#single	Maybe	Yes
Caritas Italiana	Rome	Italy	Rome, Italy	https://www.caritas.it/home_page_archivio/come_contribuire/00003068_Donazioni_online.html	Maybe	Yes
Northern Illinois Food Bank	Chicago	United States of America	Chicago, USA	https://secure3.convio.net/nifb/site/Donation2;jsessionid=00000000.app30132b?df_id=5723&mfc_pref=T&5723.donation=form1&NONCE_TOKEN=F3C816FBA55CBE183126159AD9C3221D	Maybe	Yes
California Association of Food Banks	Los Angeles	United States of America	Los Angeles, USA	https://donatenow.networkforgood.org/1407080	Maybe	Yes
Feeding America	Washington D.C	United States of America	Washington D.C, USA	https://www.feedingamerica.org/take-action/coronavirus	Maybe	Yes
Idaho Foodbank	Idaho, USA	United States of America	Idaho, USA	https://idahofoodbank.org/coronavirus-response-news-and-updates/	Maybe	Yes
Community Food Bank of New Jersey	New Jersey	United States of America	New Jersey, USA	https://cfbnj.org/coronavirus	Maybe	Yes
SaveOurFaves	San Francisco	United States of America	San Francisco, USA	https://saveourfaves.org/	Maybe	Yes
Bailout.NYC	New York City	United States of America	New York City, USA	https://bailout.nyc/	Maybe	No
Edmonton FoodBank	Edmonton	Canada	Edmonton, Canada	https://www.edmontonsfoodbank.com/	Maybe	Yes
Banc Dels Aliments	Barcelona	Spain	Barcelona, Spain	https://www.bancdelsaliments.org/es/home/	Maybe	Yes
Banco De Alimentos De Madrid	Madrid	Spain	Madrid, Spain	https://bam.civi-go.net/donacion-online	Maybe	Yes
Banco De Alimentos De Seville	Seville	Spain	Seville, Spain	https://www.bancodealimentosdesevilla.org/	Maybe	Yes
Banco De Alimentos De Valencia	Valencia	Spain	Valencia, Spain	http://bancodealimentosdevalencia.org/	Maybe	Yes
Banco De Alimentos De Granada	Granada	Spain	Granada, Spain	https://www.bancoalimentosgranada.org/	Maybe	Yes
Banco Alimetar Lisboa	Lisbon	Portugal	Lisbon, Portugal	https://www.bancoalimentar.pt/faca-um-donativo/	Maybe	Yes
Foo Forward South Africa	Cape Town	South Africa	Cape Town, South Africa	https://foodforwardsa.org/	Maybe	Yes
Lagos Food Bank	Lagos	Nigeria	Lagos, Nigeria	https://www.lagosfoodbank.org/	Maybe	Yes
Food Bank of North East Georgia	Athens, Georgia	United States of America	Athens, Georgia, USA	https://foodbanknega.org/	Maybe	Yes
Berliner Tafel	Berlin	Germany	Berlin, Germany	https://www.berliner-tafel.de/berliner-tafel/	Maybe	Yes
Munchner Tafel	Munich	Germany	Munich, Germany	https://muenchner-tafel.de/	Maybe	Yes
Frankfurter Tafel	Frankfurt	Germany	Frankfurt, Germany	https://www.frankfurter-tafel.de/	Maybe	Yes
Hamburger Tafel	Hamburg	Germany	Hamburger, Tafel	https://hamburger-tafel.de/	Maybe	Yes
Seoul Food Bank	Seoul	South Korea	Seoul, South Korea	http://s-foodbank.or.kr/2014/html/main/	Maybe	Yes
Rizq	Lahore	Pakistan	Lahore, Pakistan	https://sharerizq.com/	Maybe	Yes
Banque Alimentaire Paris	Paris	France	Paris, France	https://www.bapif.fr/public2/public_accueil.php	Maybe	Yes
Banque Alimentaire Du Rhone	Lyon	France	Lyon, France	https://ba69.banquealimentaire.org/	Maybe	Yes
Scweizer Tafel	Zurich	Switzerland	Zurich, Switzerland	https://www.schweizertafel.ch/de/ueber-uns/institutionen-die-wir-beliefern/zuerich.html	Maybe	Yes
Voedselbank Amsterdam	Amsterdam	Netherlands	Amsterdam, Netherlands	https://amsterdam.voedselbank.org/	Maybe	Yes
Voedselbank Rotterdam	Rotterdam	Rotterdam	Rotterdam, Netherlands	https://www.voedselbank.nl/	Maybe	Yes
Voedselbank Brussels	Brussels	Netherlands	Brussels, Netherlands	http://www.foodbank-brabant.be/index.php?lg=nl	Maybe	Yes
One Taka Meal	Dhaka	Bangladesh	Dhaka, Bangladesh	https://onetakameal.org/about	Maybe	Yes
Tider	Istanbul	Turkey	Istanbul, Turkey	https://www.tider.org/tur/gida-bankaciligi	Maybe	Yes
Food Aid Foundation	Kuala Lumpur	Malaysia	Kuala Lumpur, Malaysia	https://www.foodaidfoundation.org/	Maybe	Yes
Banco De Alimentos Sao Paulo	Sao Paulo	Brazil	Sao Paulo, Brazil	https://www.bancodealimentos.org.br/	Maybe	Yes
Food Bank of Brasilia	Brasilia	Brazil	Brasilia, Brazil	http://www.ceasa.df.gov.br/seja-um-doador/	Maybe	Yes
Food Center Stockholm	Stockholm	Sweden	Stockholm, Sweden	https://www.stadsmissionen.se/ge-stod	Maybe	Yes
Second Harvest	Tokyo	Japan	Tokyo, Japan	http://2hj.org/english/support/time/	Maybe	Yes
Red De Alimentos	Santiago	Chile	Santiago, Chile	http://www.redalimentos.cl/	Maybe	Yes
Potravinova Banka Pro Praha	Prague	Czech Republic	Prague, Czech Republic	https://potravinovabankapraha.cz/#jak_pomoci	Maybe	Yes
Manathai Communities Foodbank	Bangkok	Thailand	Bangkok, Thailand	http://placeofgracebangkok.org/en/contact-donate.html	Maybe	Yes
Wiener Tafel	Vienna	Austria	Vienna, Austria	https://www.wienertafel.at/index.php?id=399	Maybe	Yes
Food Bank Australia	Canberra	Australia	Canberra, Australia	https://www.foodbank.org.au/?state=au	Maybe	Yes
Banco De Alimentos	Quito	Ecuador	Quito, Ecuador	http://bancodealimentosquito.com/en/	Maybe	Yes
Gleaners Community Food Bank	Detroit	Michigan	Detroit, Michigan	https://www.gcfb.org/	Maybe	Yes
Foodbank Wellington	Wellington	New Zealand	Wellington, New Zealand	https://wellingtonfoodbank.org/	Maybe	Yes
Foodbank Russia	Moscow	Russia	Moscow, Russia	https://foodbankrus.ru/en	Maybe	Yes
Fundación Banco Arquidiocesano de Alimentos Medellín	Medellin	Colombia	Medellin, Colombia	https://bancodealimentos.co/site/	Maybe	Yes
Banco De Alimentos Bogota	Bogota	Colombia	Bogota, Colombia	https://www.bancodealimentos.org.co/	Maybe	Yes
ShareTheMeal	World	World	World	https://sharethemeal.org/en/index.html	Yes	Yes
Penny Appeal Syria	Damascus	Syria	Damascus, Syria	https://pennyappeal.org/appeal/feed-our-world/donate-food-syria	Maybe	Yes
Penny Appeal Nepal	Kathmandu	Nepal	Kathmandu, Nepal	https://pennyappeal.org/appeal/feed-our-world/feed-nepal	Maybe	Yes
Penny Appeal Afghanistan	Kabul	Afghanistan	Kabul, Afghanistan	https://pennyappeal.org/appeal/feed-our-world/feed-afghanistan	Maybe	Yes
Penny Appeal Bangladesh	Dhaka	Bangladesh	Dhaka, Bangladesh	https://pennyappeal.org/appeal/feed-our-world/feed-bangladesh	Maybe	Yes
Penny Appeal South Africa	Cape Town	South Africa	Cape Town, South Africa	https://pennyappeal.org/appeal/feed-our-world/donate-food-south-africa	Maybe	Yes
Penny Appeal Palestine	Ramallah	Palestine	Ramallah, Palestine	https://pennyappeal.org/appeal/feed-our-world/donate-food-palestine	Maybe	Yes
Penny Appeal Yemen	Sana'a	Yemen	Sana'a, Yenmen	https://pennyappeal.org/appeal/feed-our-world/donate-food-yemen	Maybe	Yes
Penny Appeal Lebanon	Beirut	Lebanon	Beirut, Lebanon	https://pennyappeal.org/appeal/feed-our-world/feed-lebanon	Maybe	Yes
Leket Israel	Tel Aviv	Israel	Tel Aviv, Israel	https://www.leket.org/en/	Maybe	Yes
Daily Bread Food Bank	Toronto	Canada	Toronto, Canada	https://www.dailybread.ca/	Maybe	Yes
Greater Vancouver Food Bank	Vancouver	Canada	Vancouver, Canada	https://foodbank.bc.ca/	Maybe	Yes
Banquea Alimentaire Morccow	Casablanca	Morocco	Casablanca, Morocco	http://www.banquealimentaire.ma/en/contact.html	Maybe	Yes
Food Bank Kenya	Nairobi	Kenya	Nairobi, Kenya	https://www.foodbankingkenya.org/	Maybe	Yes
Banki Zywnosci Poland	Warsaw	Poland	Warsaw, Poland	https://bankizywnosci.pl/	Maybe	Yes
Euro Food Bank	Europe	Europe	Europe	https://www.eurofoodbank.org/	Maybe	Yes
Kuwait Food Bank	Kuwait City	Kuwait	Kuwait City, Kuwait	https://www.kuwaitfoodbank.org/	Maybe	Yes
Feed Our Homeless	Dublin	Ireland	Dublin, Ireland	https://feedourhomeless.ie/	Maybe	Yes
Matsentralen	Oslo	Norway	Oslo, Norway	https://www.matsentralen.no/english	Maybe	Yes
Oasis Food Bank	Beijing	China	Beijing, China	http://www.chinafoodbanking.org/	Maybe	Yes
Capital Area Food Bank	Washington D.C	United States of America	Washington D.C, USA	https://www.capitalareafoodbank.org/	Maybe	Yes
Northwest Harvest	Seattle	United States of America	Seattle, USA	https://www.northwestharvest.org/	Maybe	Yes
Feeding Florida	Miami	United States of America	Miami, Florida	https://www.feedingflorida.org/feeding-florida/florida-food-banks	Maybe	Yes
Egyptian Food Bank	Cairo	Egypt	Cairo, Egypt	https://www.egyptianfoodbank.com/	Maybe	Yes